{
  "model": [
    -252.52431385824988,
    -258.35300896340624,
    -679.4211819242478,
    -298.92908214655637,
    -220.34901846582633,
    -357.5019654337561,
    -99.99147396386833,
    -330.86837156777733,
    -121.2387245620058,
    -210.5957156001522,
    -58.99645723450612,
    -286.21183284325656,
    -209.71076371921168,
    -273.7597526106957,
    -123.22680563299723,
    -330.93674681353355,
    -368.4971509565996,
    -919.3557595315328,
    -157.63094562037526,
    -364.5738346374643,
    -608.8315650707482,
    -387.73669076605637,
    -444.4134214785573,
    -300.62895039559135,
    -180.99022282435357,
    -392.7260539054273,
    -292.1928826236592,
    -313.03952077826636,
    -282.60103164221744,
    -292.52789399317305,
    -306.14502851123757,
    -475.4898484760584,
    -616.4929566109473,
    -321.0937523133854,
    -500.8098413755341,
    -286.643712652371,
    -440.1111751366781,
    -203.865450194162,
    -147.02230265876423,
    -190.40345508445145,
    -410.5414112221898,
    -152.7710271505248,
    -257.8937975317874,
    -866.9028209042077,
    -432.85178371423757,
    -504.9244956731626,
    -269.54711242669896,
    -339.98662465069884,
    -170.64356902810025,
    -144.81461155441463,
    -336.1899898041786,
    -161.9080985069314,
    -274.5532689961639,
    -178.27585057456403,
    -205.49069385453444,
    -168.06601225168228,
    -671.0905452075333,
    -85.72539403375755,
    -243.30059411069288,
    -133.5791690516943,
    -246.767778414049,
    -298.0712244943143,
    -473.8635359981467,
    -281.9213023438918,
    -268.5118561594551,
    -427.86256406157503,
    -546.2629273310113,
    -479.0832028708116,
    -200.54068667742956,
    -240.7011979631156
  ],
  "peft_model": [
    -233.8515534834614,
    -233.94445195028686,
    -649.5251831189948,
    -288.3993188393672,
    -194.64410960681968,
    -337.35557593798194,
    -77.16157158124776,
    -316.66096808739917,
    -95.10326893086801,
    -179.29938256089605,
    -28.57927043850944,
    -264.83157409690233,
    -181.54629187844844,
    -247.31443157557652,
    -102.1357349091582,
    -296.58858076228483,
    -351.9623403082762,
    -872.8127131359641,
    -146.25275108356868,
    -339.0999057922141,
    -605.9031039282063,
    -355.0090427741667,
    -414.8614206852536,
    -257.3401024310065,
    -139.73247698048763,
    -363.3869500374384,
    -257.6997718993305,
    -281.7601492593177,
    -247.18141371800203,
    -250.8669117276559,
    -288.2041295988961,
    -453.40155424290987,
    -618.307273332946,
    -302.37857574892945,
    -479.84223565020784,
    -256.19402450467334,
    -407.28754572005954,
    -181.86661652139327,
    -125.2819281093146,
    -164.5456829124337,
    -390.7165881151841,
    -124.39639126705195,
    -245.84257915146313,
    -842.6644487451738,
    -406.63373573400145,
    -452.6758366365687,
    -243.3316588222176,
    -312.49249103411074,
    -142.6235322540507,
    -105.34704617693828,
    -312.0328609449621,
    -136.97338103449172,
    -245.76625348152487,
    -141.70826672972257,
    -183.98735163381318,
    -138.39157372719225,
    -635.4513405867331,
    -58.23771835955825,
    -227.753642967345,
    -114.10339622033776,
    -212.59201460612363,
    -261.92282807234346,
    -450.8921488415603,
    -248.91937638069237,
    -219.68091091033392,
    -444.566247423267,
    -534.8644041943605,
    -446.5455164983965,
    -168.7137289383365,
    -216.35668906660493
  ]
}